{
    "date_created": "2025-06-06T14:45:14.307546",
    "lib_id": "7b59c77",
    "lib_checksum": null,
    "compiler_info": null,
    "use_case": "anomaly_detection",
    "data_info": {
        "learning_sample_num": 0,
        "n_samples": 128,
        "n_channels": 3,
        "label": [
            "Normal",
            "Anomaly"
        ]
    },
    "platform_info": {
        "library": false,
        "emulator": true,
        "arch": "host",
        "chip": null
    },
    "memory_usage (Byte)": null,
    "model_info": {
        "name": "MHL",
        "type": "CML",
        "task": "AD",
        "description": "Mahalanobis distance-based model for anomaly detection"
    },
    "benchmark": {
        "performance": {
            "score": 0.9933885654039155,
            "threshold": 0.9,
            "balanced_accuracy": 1.0,
            "f1_score": 1.0,
            "recall_per_class": [
                1.0,
                1.0
            ],
            "roc_auc": 1.0,
            "functional_margin": 1.0,
            "confusion_matrix": [
                [
                    312,
                    0
                ],
                [
                    0,
                    429
                ]
            ],
            "confusion_matrix_true": [
                [
                    1.0,
                    0.0
                ],
                [
                    0.0,
                    1.0
                ]
            ],
            "confusion_matrix_pred": [
                [
                    1.0,
                    0.0
                ],
                [
                    0.0,
                    1.0
                ]
            ]
        },
        "execution_time": {
            "chip": "",
            "arch": "",
            "frequency": "",
            "value": 0
        },
        "estimated_memory_usage (Byte)": {
            "RAM": 3156,
            "Heap": 0,
            "Model_Flash": 624,
            "Algo_Flash": 1161
        }
    }
}